full_name,org_login,repo_name,category_l1,category_l2,months_count,or_12m_avg,or_recent3,or_prev9,or_momentum
elastic/kibana,elastic,elastic/kibana,DATA INFRASTRUCTURE,Monitoring Dashboard,12.0,653.262217203776,669.3770548502604,647.8906046549479,0.03316370084847226
vllm-project/vllm,vllm-project,vllm-project/vllm,ML/AI PLATFORM,LLMOps,12.0,595.7093098958334,656.0546061197916,575.5942111545139,0.13978666464329456
grafana/grafana,grafana,grafana/grafana,DATA INFRASTRUCTURE,Monitoring Dashboard,12.0,495.51953125,459.9048360188802,507.3910963270399,-0.09358906896851096
langgenius/dify,langgenius,langgenius/dify,ML/AI PLATFORM,LLMOps,12.0,417.35302734375,377.5123596191406,430.6332499186198,-0.12335529202521603
ClickHouse/ClickHouse,ClickHouse,ClickHouse/ClickHouse,STORAGE SYSTEMS,Real-time OLAP Engine,12.0,382.19447072347003,362.9267272949219,388.61705186631946,-0.06610704406309686
elastic/elasticsearch,elastic,elastic/elasticsearch,STORAGE SYSTEMS,Search Engine,12.0,346.38688405354816,336.311279296875,349.7454189724392,-0.03841119553483802
kubernetes/kubernetes,kubernetes,kubernetes/kubernetes,DATA INFRASTRUCTURE,Resource Scheduling,12.0,315.1672058105469,275.9816487630208,328.22905815972223,-0.15917971946066053
apache/doris,apache,apache/doris,STORAGE SYSTEMS,Real-time OLAP Engine,12.0,291.037846883138,276.66701253255206,295.828125,-0.06477109797267563
ceph/ceph,ceph,ceph/ceph,DATA LAKE PLATFORM,Distributed Object Store,12.0,283.39885965983075,291.4896952311198,280.70191446940106,0.03843144704627482
apache/airflow,apache,apache/airflow,WORKFLOW MANAGEMENT & DATAOPS,Workflow Orchestration,12.0,280.19011306762695,315.14234415690106,268.53936937120227,0.1735424302768785
metabase/metabase,metabase,metabase/metabase,ANALYTICS & VISUALISATION,BI & Dashboard,12.0,238.12428029378256,242.27411397298178,236.74100240071616,0.023372003650217233
ray-project/ray,ray-project,ray-project/ray,DATA PROCESSING AND COMPUTATION,Python Workflow Scaling,12.0,233.1440684000651,267.6314697265625,221.6482679578993,0.20746023504861058
cockroachdb/cockroach,cockroachdb,cockroachdb/cockroach,STORAGE SYSTEMS,Distributed SQL DBMS,12.0,210.53794479370117,201.65691121419272,213.49828932020398,-0.05546357370691437
airbytehq/airbyte,airbytehq,airbytehq/airbyte,DATA INTEGRATION,Data Integration Platform,12.0,209.7490259806315,164.4484100341797,224.84923129611545,-0.26862809765353757
StarRocks/StarRocks,StarRocks,StarRocks/starrocks,STORAGE SYSTEMS,Real-time OLAP Engine,12.0,209.618771870931,193.1608428955078,215.10474819607205,-0.10201497402819744
apache/spark,apache,apache/spark,DATA PROCESSING AND COMPUTATION,Unified Processing,12.0,191.82519149780273,168.08207194010416,199.73956468370227,-0.15849385069868036
supabase/supabase,supabase,supabase/supabase,STORAGE SYSTEMS,Relational DBMS,12.0,185.89450454711914,175.22650655110678,189.45050387912326,-0.07508028237862033
apache/kafka,apache,apache/kafka,DATA INTEGRATION,CDC Tool,12.0,172.99740346272787,155.68858846028647,178.76700846354166,-0.1290977580349334
dagster-io/dagster,dagster-io,dagster-io/dagster,WORKFLOW MANAGEMENT & DATAOPS,Workflow Orchestration,12.0,165.61079088846842,145.55747731526694,172.29522874620227,-0.15518567534055808
yugabyte/yugabyte-db,yugabyte,yugabyte/yugabyte-db,STORAGE SYSTEMS,Distributed SQL DBMS,12.0,155.76229985555014,143.04443868001303,160.0015869140625,-0.10598112531944588
pingcap/tidb,pingcap,pingcap/tidb,STORAGE SYSTEMS,Distributed SQL DBMS,12.0,152.95892969767252,149.69744364420572,154.04609171549478,-0.028229525480727612
milvus-io/milvus,milvus-io,milvus-io/milvus,ML/AI PLATFORM,Vector Storage,12.0,151.71824582417807,133.08084869384766,157.9307115342882,-0.15734661484790066
scylladb/scylladb,scylladb,scylladb/scylladb,STORAGE SYSTEMS,Wide-column Key-value Store,12.0,145.63957722981772,142.0628458658854,146.83182101779514,-0.03247916642899741
pola-rs/polars,pola-rs,pola-rs/polars,DATA PROCESSING AND COMPUTATION,Python Processing Framework,12.0,144.86604499816895,114.84243520100911,154.87391493055554,-0.25847787051483967
trinodb/trino,trinodb,trinodb/trino,BI as Code (Web App),MPP Query Engine,12.0,138.99683316548666,99.49113210042317,152.16540018717447,-0.3461645552928467
apache/superset,apache,apache/superset,ANALYTICS & VISUALISATION,BI & Dashboard,12.0,132.83762741088867,117.80579376220703,137.84823862711588,-0.14539500152137838
apache/datafusion,apache,apache/datafusion,STORAGE SYSTEMS,In-process OLAP Engine,12.0,130.025120417277,105.84244537353516,138.0860120985243,-0.2335034970955883
apache/iceberg,apache,apache/iceberg,DATA LAKE PLATFORM,Open Table Format,12.0,125.62826728820801,128.32098642985025,124.73069424099393,0.028784351844618698
opensearch-project/OpenSearch,opensearch-project,opensearch-project/OpenSearch,STORAGE SYSTEMS,Search Engine,12.0,122.48157183329265,117.19898478190105,124.24243418375652,-0.0566911735763169
open-metadata/OpenMetadata,open-metadata,open-metadata/OpenMetadata,METADATA MANAGEMENT,Metadata Platform,12.0,115.88815244038899,114.82457733154297,116.242677476671,-0.012199479364303512
prestodb/presto,prestodb,prestodb/presto,BI as Code (Web App),MPP Query Engine,12.0,111.2097880045573,113.66745503743489,110.39056566026476,0.02968450571451014
grafana/mimir,grafana,grafana/mimir,DATA INFRASTRUCTURE,Metrics Store,12.0,106.99274826049805,100.41621907552083,109.18492465549045,-0.08031058873408929
taosdata/TDengine,taosdata,taosdata/TDengine,STORAGE SYSTEMS,Time-Series Database,12.0,106.67260678609212,101.86057790120442,108.27661641438802,-0.05925599382075831
apache/beam,apache,apache/beam,DATA PROCESSING AND COMPUTATION,Unified Processing,12.0,104.90888659159343,105.62906392415364,104.66882748074002,0.009174044140222288
datahub-project/datahub,datahub-project,datahub-project/datahub,METADATA MANAGEMENT,Metadata Platform,12.0,101.20995267232259,102.57166544596355,100.75604841444228,0.018019930913259413
apache/pinot,apache,apache/pinot,STORAGE SYSTEMS,Real-time OLAP Engine,12.0,99.8977902730306,95.25450388590495,101.44555240207248,-0.06102828926032884
duckdb/duckdb,duckdb,duckdb/duckdb,STORAGE SYSTEMS,In-process OLAP Engine,12.0,98.73113187154134,82.84859212239583,104.02531178792317,-0.20357275841384073
streamlit/streamlit,streamlit,streamlit/streamlit,BI as Code (Web App),,12.0,96.83020846048991,85.29934438069661,100.673829820421,-0.15271580973078056
apache/incubator-gluten,apache,apache/incubator-gluten,BI as Code (Web App),Semantic & Middleware Layer,12.0,94.24205907185872,79.5200424194336,99.14939795600043,-0.19797755650798568
mlflow/mlflow,mlflow,mlflow/mlflow,ML/AI PLATFORM,MLOps,12.0,94.23580805460612,98.93298085530598,92.67008378770616,0.06758272801335995
apache/flink,apache,apache/flink,DATA PROCESSING AND COMPUTATION,Stream Processing,12.0,94.09085845947266,76.35607147216797,100.00245412190755,-0.2364580235292382
redpanda-data/redpanda,redpanda-data,redpanda-data/redpanda,DATA INTEGRATION,Event Hub,12.0,94.08703422546387,89.07300567626953,95.75837707519531,-0.06981500316861072
apache/arrow,apache,apache/arrow,DATA LAKE PLATFORM,Serialisation Framework,12.0,94.0561097462972,82.97469838460286,97.74991353352864,-0.15115322985792534
neondatabase/neon,neondatabase,neondatabase/neon,STORAGE SYSTEMS,Distributed SQL DBMS,12.0,87.68009980519612,82.28023147583008,89.4800559149848,-0.08046289606697714
apache/ozone,apache,apache/ozone,DATA LAKE PLATFORM,Distributed Object Store,12.0,85.14806302388509,85.37071228027344,85.07384660508897,0.003489505729798579
apache/hudi,apache,apache/hudi,DATA LAKE PLATFORM,Open Table Format,12.0,83.11002604166667,69.67064412434895,87.5898200141059,-0.20458057667970034
risingwavelabs/risingwave,risingwavelabs,risingwavelabs/risingwave,STORAGE SYSTEMS,Streaming Database,12.0,82.7104721069336,75.92757670084636,84.971437242296,-0.1064341246301517
PrefectHQ/prefect,PrefectHQ,PrefectHQ/prefect,WORKFLOW MANAGEMENT & DATAOPS,Workflow Orchestration,12.0,80.73025321960449,43.47852579752604,93.14749569363065,-0.5332292567421212
apache/gravitino,apache,apache/gravitino,METADATA MANAGEMENT,Schema & Catalog Service,12.0,78.99702326456706,78.00458272298177,79.32783677842882,-0.016680828687451073
apache/seatunnel,apache,apache/seatunnel,DATA INTEGRATION,Data Integration Platform,12.0,77.95382340749104,61.0326042175293,83.59422980414496,-0.26989453266661906
kestra-io/kestra,kestra-io,kestra-io/kestra,WORKFLOW MANAGEMENT & DATAOPS,Workflow Orchestration,12.0,77.65612188975017,70.7229995727539,79.96716266208225,-0.11559948835988415
apache/iotdb,apache,apache/iotdb,STORAGE SYSTEMS,Time-Series Database,12.0,77.26213200887044,68.36239878336589,80.22870975070529,-0.14790604266492127
rapidsai/cudf,rapidsai,rapidsai/cudf,DATA PROCESSING AND COMPUTATION,Python Processing Framework,12.0,74.59288660685222,70.66176859537761,75.90325927734375,-0.06905488291107766
weaviate/weaviate,weaviate,weaviate/weaviate,ML/AI PLATFORM,Vector Storage,12.0,72.38916905721028,68.43478647867839,73.70729658338759,-0.07153308219280878
chroma-core/chroma,chroma-core,chroma-core/chroma,ML/AI PLATFORM,Vector Storage,12.0,67.0914306640625,69.74203745524089,66.20789506700304,0.05337947060031537
MaterializeInc/materialize,MaterializeInc,MaterializeInc/materialize,STORAGE SYSTEMS,Streaming Database,12.0,66.89637629191081,58.26041158040365,69.77503119574652,-0.16502492966344676
valkey-io/valkey,valkey-io,valkey-io/valkey,STORAGE SYSTEMS,Distributed Key-value Store,12.0,66.44449869791667,61.13177490234375,68.21540662977431,-0.10384210953803404
delta-io/delta,delta-io,delta-io/delta,DATA LAKE PLATFORM,Open Table Format,12.0,66.39895248413086,67.64458847045898,65.98374048868816,0.02517056428553871
prometheus/prometheus,prometheus,prometheus/prometheus,DATA INFRASTRUCTURE,Observability Framework,12.0,66.26793003082275,55.229777018229164,69.94731436835394,-0.21040889822616823
apache/shardingsphere,apache,apache/shardingsphere,STORAGE SYSTEMS,Distributed SQL DBMS,12.0,65.6942663192749,48.504740397135414,71.4241082933214,-0.32089120107823715
MariaDB/server,MariaDB,MariaDB/server,STORAGE SYSTEMS,Relational DBMS,12.0,65.45846939086914,62.05250676472982,66.59379026624892,-0.06819379830105136
apache/druid,apache,apache/druid,STORAGE SYSTEMS,Real-time OLAP Engine,12.0,63.7497288386027,53.1394411722819,67.28649139404297,-0.2102509720548981
ravendb/ravendb,ravendb,ravendb/ravendb,STORAGE SYSTEMS,Document Store,12.0,63.56030527750651,58.81372960408529,65.14249716864691,-0.09715267052439094
vectordotdev/vector,vectordotdev,vectordotdev/vector,DATA INFRASTRUCTURE,Log & Metrics Pipeline,12.0,61.366406758626304,57.29120635986328,62.72480689154731,-0.08662602247750006
temporalio/temporal,temporalio,temporalio/temporal,WORKFLOW MANAGEMENT & DATAOPS,Workflow Orchestration,12.0,60.12625694274902,52.745357513427734,62.58655675252279,-0.157241422914648
apache/hadoop,apache,apache/hadoop,DATA LAKE PLATFORM,Distributed File System,12.0,60.02834510803223,51.469427744547524,62.88131756252713,-0.18148299463719086
apache/hbase,apache,apache/hbase,STORAGE SYSTEMS,Wide-column Key-value Store,12.0,59.98068332672119,59.10645039876302,60.272094302707245,-0.01933969471991393
apache/nifi,apache,apache/nifi,DATA INTEGRATION,Data Integration Platform,12.0,57.7000789642334,47.039039611816406,61.2537587483724,-0.23206280605488064
qdrant/qdrant,qdrant,qdrant/qdrant,ML/AI PLATFORM,Vector Storage,12.0,57.30901654561361,52.86382548014323,58.7907469007704,-0.10081384797901771
lightdash/lightdash,lightdash,lightdash/lightdash,ANALYTICS & VISUALISATION,BI & Dashboard,12.0,56.73714733123779,55.97567367553711,56.99097188313802,-0.0178150709498834
apache/hive,apache,apache/hive,METADATA MANAGEMENT,Schema & Catalog Service,12.0,55.64209397633871,59.761783599853516,54.26886410183377,0.10121677667165575
TobikoData/sqlmesh,TobikoData,TobikoData/sqlmesh,WORKFLOW MANAGEMENT & DATAOPS,Data Modeling,12.0,55.458141009012856,55.66192754109701,55.39021216498481,0.00490547635569383
fluent/fluent-bit,fluent,fluent/fluent-bit,DATA INFRASTRUCTURE,Log & Metrics Pipeline,12.0,54.6105120976766,43.81487528483073,58.20905770195855,-0.24728423694519805
skypilot-org/skypilot,skypilot-org,skypilot-org/skypilot,ML/AI PLATFORM,MLOps,12.0,53.398252169291176,63.37421671549479,50.072930653889976,0.26563825779531214
vespa-engine/vespa,vespa-engine,vespa-engine/vespa,ML/AI PLATFORM,Vector Storage,12.0,52.71938864390055,46.349908192952476,54.84254879421658,-0.15485495820281237
apache/pulsar,apache,apache/pulsar,DATA INTEGRATION,Event Hub,12.0,52.701647440592446,46.58017222086588,54.742139180501304,-0.14909842914108565
surrealdb/surrealdb,surrealdb,surrealdb/surrealdb,STORAGE SYSTEMS,NoSQL Multi-model,12.0,52.12664604187012,42.16926701863607,55.445772382948135,-0.23945027355043463
dlt-hub/dlt,dlt-hub,dlt-hub/dlt,DATA INTEGRATION,Data Integration Platform,12.0,51.2960262298584,49.073412577311196,52.03689744737413,-0.056949684078685926
pydantic/pydantic,pydantic,pydantic/pydantic,WORKFLOW MANAGEMENT & DATAOPS,Data Quality,12.0,50.4056453704834,26.709509531656902,58.304357316758896,-0.5418951385305885
apache/polaris,apache,apache/polaris,METADATA MANAGEMENT,Schema & Catalog Service,12.0,49.4187224706014,64.24107869466145,44.47793706258138,0.44433584238119944
influxdata/telegraf,influxdata,influxdata/telegraf,DATA INFRASTRUCTURE,Log & Metrics Pipeline,12.0,47.94924545288086,40.92545827229818,50.29050784640842,-0.18621902969665594
cube-js/cube,cube-js,cube-js/cube,BI as Code (Web App),Semantic & Middleware Layer,12.0,47.68655014038086,38.736768086751304,50.66981082492404,-0.23550596585813532
argoproj/argo-workflows,argoproj,argoproj/argo-workflows,WORKFLOW MANAGEMENT & DATAOPS,Workflow Orchestration,12.0,47.31292883555094,33.3146603902181,51.97901831732856,-0.3590748446453097
Eventual-Inc/Daft,Eventual-Inc,Eventual-Inc/Daft,DATA PROCESSING AND COMPUTATION,Python Processing Framework,12.0,45.65850830078125,50.845940907796226,43.929364098442925,0.15744768792586414
timescale/timescaledb,timescale,timescale/timescaledb,STORAGE SYSTEMS,Time-Series Database,12.0,44.78119150797526,49.56600697835287,43.186253017849396,0.14772649893628517
apple/foundationdb,apple,apple/foundationdb,STORAGE SYSTEMS,Distributed Key-value Store,12.0,44.498420079549156,39.754337310791016,46.079781002468536,-0.1372715658379249
etcd-io/etcd,etcd-io,etcd-io/etcd,STORAGE SYSTEMS,Distributed Key-value Store,12.0,44.3960968653361,50.85524876912435,42.24304623074002,0.2038726679733925
treeverse/lakeFS,treeverse,treeverse/lakeFS,WORKFLOW MANAGEMENT & DATAOPS,Data Versioning,12.0,43.68754768371582,44.33050028483073,43.47323015001085,0.019719494775560488
dragonflydb/dragonfly,dragonflydb,dragonflydb/dragonfly,STORAGE SYSTEMS,Cache Store,12.0,43.500381787618004,40.10828145345052,44.631081899007164,-0.10133745930226379
GreptimeTeam/greptimedb,GreptimeTeam,GreptimeTeam/greptimedb,STORAGE SYSTEMS,Time-Series Database,12.0,43.210687001546226,40.50346883138021,44.11309305826823,-0.08182659561233045
apache/cassandra,apache,apache/cassandra,STORAGE SYSTEMS,Wide-column Key-value Store,12.0,43.077879905700684,36.5119743347168,45.26651509602865,-0.19339992802052283
apache/solr,apache,apache/solr,STORAGE SYSTEMS,Search Engine,12.0,42.15305264790853,34.60656483968099,44.668548583984375,-0.2252588020715552
uber/cadence,uber,uber/cadence,WORKFLOW MANAGEMENT & DATAOPS,Workflow Orchestration,2.0,41.3444881439209,,41.3444881439209,
questdb/questdb,questdb,questdb/questdb,STORAGE SYSTEMS,Time-Series Database,12.0,41.13248380025228,43.49257151285807,40.345787896050346,0.07799534427026963
apache/camel,apache,apache/camel,DATA INTEGRATION,Data Integration Platform,12.0,40.999669551849365,33.38499132792155,43.537895626491974,-0.23319694607363106
crate/crate,crate,crate/crate,STORAGE SYSTEMS,Distributed SQL DBMS,12.0,40.83616399765015,33.03161303202311,43.43768098619249,-0.23956315617947355
flyteorg/flyte,flyteorg,flyteorg/flyte,WORKFLOW MANAGEMENT & DATAOPS,Workflow Orchestration,12.0,40.622592290242515,27.464305877685547,45.00868776109483,-0.3897998976671903
windmill-labs/windmill,windmill-labs,windmill-labs/windmill,WORKFLOW MANAGEMENT & DATAOPS,Workflow Orchestration,12.0,39.52951176961263,37.7665761311849,40.117156982421875,-0.05859290707631476
juicedata/juicefs,juicedata,juicedata/juicefs,DATA LAKE PLATFORM,Distributed File System,12.0,39.39396444956461,34.25471115112305,41.10704888237847,-0.1666949566450839
influxdata/influxdb,influxdata,influxdata/influxdb,STORAGE SYSTEMS,Time-Series Database,12.0,38.33753522237142,37.081747690836586,38.75613106621636,-0.043203057924410114
great-expectations/great_expectations,great-expectations,great-expectations/great_expectations,WORKFLOW MANAGEMENT & DATAOPS,Data Quality,12.0,38.19370444615682,24.993247350056965,42.59385681152344,-0.4132194353600955
dbt-labs/dbt-core,dbt-labs,dbt-labs/dbt-core,WORKFLOW MANAGEMENT & DATAOPS,Data Modeling,12.0,37.51069418589274,25.934429168701172,41.36944919162326,-0.37310189824928747
feldera/feldera,feldera,feldera/feldera,DATA PROCESSING AND COMPUTATION,Unified Processing,12.0,37.4977757136027,36.88238525390625,37.702905866834854,-0.021762795043614138
lancedb/lance,lancedb,lancedb/lance,DATA LAKE PLATFORM,Serialisation Framework,12.0,36.886164824167885,47.340264638264976,33.40146488613553,0.41731103110735857
apache/iceberg-python,apache,apache/iceberg-python,DATA LAKE PLATFORM,Native Open Table Format Library,12.0,36.17950280507406,34.0312868754069,36.895574781629776,-0.07763228851089751
facebook/rocksdb,facebook,facebook/rocksdb,STORAGE SYSTEMS,Embedded Key-value Store,12.0,36.001705487569176,33.292092641194664,36.90490976969401,-0.09789529770009513
tobymao/sqlglot,,tobymao/sqlglot,DATA PROCESSING AND COMPUTATION,SQL Toolkit,12.0,35.970546086629234,32.90160306294759,36.99352709452311,-0.11061189221347119
apache/rocketmq,apache,apache/rocketmq,DATA INTEGRATION,Event Hub,12.0,35.38509861628214,22.521020253499348,39.67312473720975,-0.4323356074754379
apache/dolphinscheduler,apache,apache/dolphinscheduler,WORKFLOW MANAGEMENT & DATAOPS,Workflow Orchestration,12.0,34.94065284729004,24.820650736490887,38.31398688422309,-0.3521778140318903
mckinsey/vizro,mckinsey,mckinsey/vizro,BI as Code (Web App),,12.0,33.037280559539795,31.88304901123047,33.422024408976235,-0.046046743875049034
redis/redis,redis,redis/redis,STORAGE SYSTEMS,Cache Store,12.0,32.84101915359497,35.26500447591146,32.03302404615614,0.10089526437149304
edgedb/edgedb,edgedb,edgedb/edgedb,STORAGE SYSTEMS,NoSQL Multi-model,5.0,32.77386589050293,,32.77386589050293,
rudderlabs/rudder-server,rudderlabs,rudderlabs/rudder-server,DATA INTEGRATION,CDC Tool,12.0,32.75260512034098,31.370792388916016,33.21320936414931,-0.05547241626164607
apache/ignite,apache,apache/ignite,STORAGE SYSTEMS,In-memory SQL Database,12.0,32.29218943913778,29.720694224039715,33.14935451083713,-0.1034306802467759
deepset-ai/haystack,deepset-ai,deepset-ai/haystack,ML/AI PLATFORM,LLMOps,12.0,31.772974491119385,23.82835515340169,34.421180937025284,-0.30774149797485234
tikv/tikv,tikv,tikv/tikv,STORAGE SYSTEMS,Distributed Key-value Store,12.0,31.3697829246521,24.971677780151367,33.50248463948568,-0.25463206538657707
arangodb/arangodb,arangodb,arangodb/arangodb,STORAGE SYSTEMS,NoSQL Multi-model,12.0,30.846224625905354,28.67608070373535,31.569605933295357,-0.09165541171701182
kedro-org/kedro,kedro-org,kedro-org/kedro,ML/AI PLATFORM,MLOps,12.0,30.68421681722005,27.09896723429362,31.879300011528862,-0.14995099564628073
minio/minio,minio,minio/minio,DATA LAKE PLATFORM,Distributed Object Store,12.0,30.48969316482544,20.515724182128906,33.81434949239095,-0.3932834879243961
debezium/debezium,debezium,debezium/debezium,DATA INTEGRATION,CDC Tool,12.0,29.87005027135213,29.96351496378581,29.83889537387424,0.004176414319300829
paradedb/paradedb,paradedb,paradedb/paradedb,STORAGE SYSTEMS,Search Engine,12.0,29.717753887176514,31.046539942423504,29.274825202094185,0.060520079218187056
apache/opendal,apache,apache/opendal,BI as Code (Web App),Semantic & Middleware Layer,12.0,28.793816884358723,19.993048985799152,31.727406183878582,-0.3698492442171943
OpenLineage/OpenLineage,OpenLineage,OpenLineage/OpenLineage,METADATA MANAGEMENT,Open Standards,12.0,28.27759011586507,27.004462560017902,28.70196596781413,-0.05914240891023898
ibis-project/ibis,ibis-project,ibis-project/ibis,DATA PROCESSING AND COMPUTATION,Python Processing Framework,12.0,28.17821168899536,20.286269505818684,30.80885908338759,-0.3415442794907903
apache/Inlong,apache,apache/inlong,DATA INTEGRATION,Data Integration Platform,12.0,27.829639593760174,16.161635716756184,31.71897421942817,-0.4904741999236208
cloudera/hue,cloudera,cloudera/hue,BI as Code (Web App),Query & Collaboration,12.0,27.50049130121867,26.4882869720459,27.83789274427626,-0.048480888428879154
alibaba/fluss,alibaba,alibaba/fluss,STORAGE SYSTEMS,Streaming Database,8.0,27.328831613063812,42.588069915771484,25.148940426962717,0.6934339655165711
apache/amoro,apache,apache/amoro,DATA LAKE PLATFORM,Universal Lakehouse,12.0,26.69572941462199,22.737253824869793,28.015221277872723,-0.18839642209685595
lancedb/lancedb,lancedb,lancedb/lancedb,ML/AI PLATFORM,Vector Storage,12.0,26.65465211868286,17.990182876586914,29.542808532714844,-0.3910469664160362
apache/flink-cdc,apache,apache/flink-cdc,DATA INTEGRATION,CDC Tool,12.0,25.95905526479085,16.982199986775715,28.951340357462566,-0.4134226679284525
determined-ai/determined,determined-ai,determined-ai/determined,ML/AI PLATFORM,MLOps,12.0,25.884112070004146,1.7702736457188923,33.922058211432564,-0.9478134954345939
PeerDB-io/peerdb,PeerDB-io,PeerDB-io/peerdb,DATA INTEGRATION,CDC Tool,12.0,25.18454583485921,28.49863560994466,24.079849243164062,0.1835055660921561
unitycatalog/unitycatalog,unitycatalog,unitycatalog/unitycatalog,METADATA MANAGEMENT,Schema & Catalog Service,12.0,25.17590804894765,6.183436234792073,31.50673198699951,-0.803742379966811
Netflix/metaflow,Netflix,Netflix/metaflow,ML/AI PLATFORM,MLOps,12.0,25.14373795191447,22.234031677246094,26.113640043470596,-0.14856635688346145
meilisearch/meilisearch,meilisearch,meilisearch/meilisearch,STORAGE SYSTEMS,Search Engine,12.0,25.075375080108643,24.313259760538738,25.32941351996528,-0.04011753997484318
iterative/datachain,iterative,iterative/datachain,WORKFLOW MANAGEMENT & DATAOPS,Data Versioning,12.0,25.008485635121662,18.55763117472331,27.158770455254448,-0.3166984048376558
dolthub/dolt,dolthub,dolthub/dolt,WORKFLOW MANAGEMENT & DATAOPS,Data Versioning,12.0,24.428534030914307,28.031902313232422,23.2274112701416,0.20684573873571968
spiraldb/vortex,spiraldb,spiraldb/vortex,DATA LAKE PLATFORM,Serialisation Framework,8.0,23.685845017433167,,23.685845017433167,
apache/accumulo,apache,apache/accumulo,STORAGE SYSTEMS,Wide-column Key-value Store,12.0,23.593237082163494,22.56855837504069,23.934796651204426,-0.0570816746878434
AutoMQ/automq,AutoMQ,AutoMQ/automq,DATA INTEGRATION,Event Hub,12.0,23.222356637318928,21.357486089070637,23.84398015340169,-0.10428183752603569
EventStore/EventStore,EventStore,EventStore/EventStore,STORAGE SYSTEMS,Streaming Database,6.0,23.141293207804363,,23.141293207804363,
delta-io/delta-rs,delta-io,delta-io/delta-rs,DATA LAKE PLATFORM,Native Open Table Format Library,12.0,22.026032368342083,15.643277804056803,24.15361722310384,-0.3523422326535248
sqlalchemy/sqlalchemy,sqlalchemy,sqlalchemy/sqlalchemy,DATA PROCESSING AND COMPUTATION,SQL Toolkit,12.0,21.69426170984904,20.1541690826416,22.207625918918186,-0.09246629260479798
slatedb/slatedb,slatedb,slatedb/slatedb,STORAGE SYSTEMS,In-process OLAP Engine,12.0,21.35256290435791,23.225704193115234,20.728182474772137,0.12048918043744464
mage-ai/mage-ai,mage-ai,mage-ai/mage-ai,WORKFLOW MANAGEMENT & DATAOPS,Workflow Orchestration,12.0,21.138463815053303,10.814403216044107,24.57981734805637,-0.5600291465591689
citusdata/citus,citusdata,citusdata/citus,STORAGE SYSTEMS,Distributed SQL DBMS,12.0,21.135889371236164,23.43972905476888,20.367942810058594,0.15081475205209732
apache/kvrocks,apache,apache/kvrocks,STORAGE SYSTEMS,Distributed Key-value Store,12.0,21.126343250274658,19.529712677001953,21.65855344136556,-0.09829099483152663
DataLinkDC/dinky,DataLinkDC,DataLinkDC/dinky,DATA PROCESSING AND COMPUTATION,Unified Processing,12.0,20.865012804667156,7.043699900309245,25.472117106119793,-0.7234741081408987
linkedin/openhouse,linkedin,linkedin/openhouse,DATA LAKE PLATFORM,Open Table Format,12.0,20.7201566696167,18.76612726847331,21.37149980333116,-0.12190873634670017
elastic/logstash,elastic,elastic/logstash,DATA INFRASTRUCTURE,Log & Metrics Pipeline,12.0,20.49861224492391,17.744421005249023,21.416675991482204,-0.17146708423350582
airtai/faststream,airtai,airtai/faststream,DATA PROCESSING AND COMPUTATION,Stream Processing,7.0,20.443464824131556,,20.443464824131556,
topoteretes/cognee,topoteretes,topoteretes/cognee,ML/AI PLATFORM,LLMOps,12.0,19.69969868659973,29.892738342285156,16.302018801371258,0.8336832208640751
duckdb/pg_duckdb,duckdb,duckdb/pg_duckdb,STORAGE SYSTEMS,OLAP Extensions,12.0,19.690981070200603,13.507660547892252,21.75208791097005,-0.3790177474834476
evidence-dev/evidence,evidence-dev,evidence-dev/evidence,BI as Code (Web App),,12.0,19.233732094367344,2.6940331061681113,24.746965090433758,-0.8911368284424694
redpanda-data/connect,redpanda-data,redpanda-data/connect,DATA INTEGRATION,CDC Tool,12.0,19.16567866007487,18.517364501953125,19.381783379448784,-0.044599553125345213
celery/celery,celery,celery/celery,WORKFLOW MANAGEMENT & DATAOPS,Job Scheduling,12.0,19.125694274902344,17.687175750732422,19.605200449625652,-0.09783244521378275
redpanda-data/console,redpanda-data,redpanda-data/console,DATA INFRASTRUCTURE,Monitoring Dashboard,12.0,19.114815711975098,15.766525904337565,20.230912314520943,-0.22067153180131277
quickwit-oss/quickwit,quickwit-oss,quickwit-oss/quickwit,STORAGE SYSTEMS,Search Engine,12.0,18.8059086004893,13.541917165120443,20.560572412278916,-0.34136477849064567
apache/couchdb,apache,apache/couchdb,STORAGE SYSTEMS,Document Store,12.0,18.692283312479656,17.197147369384766,19.190661960177952,-0.1038794073351861
ckan/ckan,ckan,ckan/ckan,METADATA MANAGEMENT,Metadata Platform,12.0,17.769551038742065,17.899481773376465,17.726240793863933,0.009773136985282293
confluentinc/schema-registry,confluentinc,confluentinc/schema-registry,METADATA MANAGEMENT,Schema & Catalog Service,12.0,17.467061678568523,17.783119201660156,17.36170917087131,0.02427238163255653
marqo-ai/marqo,marqo-ai,marqo-ai/marqo,ML/AI PLATFORM,Vector Storage,12.0,16.66410740216573,14.865829785664877,17.263533274332683,-0.13888834055961752
dask/dask,dask,dask/dask,DATA PROCESSING AND COMPUTATION,Python Workflow Scaling,12.0,16.392358382542927,7.464035352071126,19.368466059366863,-0.6146295050318963
lakekeeper/lakekeeper,lakekeeper,lakekeeper/lakekeeper,METADATA MANAGEMENT,Schema & Catalog Service,11.0,15.602074883200906,17.33333619435628,14.95285189151764,0.1591993500710743
elementary-data/elementary,elementary-data,elementary-data/elementary,WORKFLOW MANAGEMENT & DATAOPS,Pipeline Observability,12.0,14.777671257654825,10.222772916158041,16.29597070482042,-0.3726809466382938
opencost/opencost,opencost,opencost/opencost,DATA INFRASTRUCTURE,Cost Management,12.0,14.547618468602499,14.959375381469727,14.410366164313423,0.03809821422275156
plotly/dash,plotly,plotly/dash,BI as Code (Web App),,12.0,14.41682235399882,11.32362143198649,15.44788932800293,-0.2669793787647245
estuary/flow,estuary,estuary/flow,DATA INTEGRATION,Data Integration Platform,12.0,14.363540252049765,14.987802187601725,14.15545294019911,0.058800608565401855
bentoml/BentoML,bentoml,bentoml/BentoML,ML/AI PLATFORM,MLOps,12.0,14.257829229036966,8.815691153208414,16.071875254313152,-0.451483351275852
cloudquery/cloudquery,cloudquery,cloudquery/cloudquery,DATA INTEGRATION,Log & Event Collection,12.0,14.055333773295084,15.928906758626303,13.430809444851345,0.18599752487238175
pachyderm/pachyderm,pachyderm,pachyderm/pachyderm,ML/AI PLATFORM,MLOps,10.0,13.198078505694866,0.24049104750156403,14.637810445494122,-0.9835705586981697
ByConity/ByConity,ByConity,ByConity/ByConity,STORAGE SYSTEMS,Columnar OLAP Database,11.0,12.617142335935073,1.1674290001392365,15.161523077223036,-0.9230005459086725
superduper-io/superduper,superduper-io,superduper-io/superduper,ML/AI PLATFORM,LLMOps,12.0,12.5499640305837,9.131983439127604,13.689290894402397,-0.33291041080428013
vdaas/vald,vdaas,vdaas/vald,ML/AI PLATFORM,Vector Storage,12.0,12.429203748703003,12.352208773295084,12.454868740505642,-0.008242557135643497
apache/ambari,apache,apache/ambari,DATA INFRASTRUCTURE,Cluster Administration,12.0,12.011212746302286,8.08786678314209,13.318994734022352,-0.39275696517228487
readysettech/readyset,readysettech,readysettech/readyset,STORAGE SYSTEMS,In-memory SQL Database,12.0,11.66453997294108,6.973077774047852,13.22836070590549,-0.47286909322521836
FerretDB/FerretDB,FerretDB,FerretDB/FerretDB,STORAGE SYSTEMS,Document Store,12.0,11.10618245601654,12.340192476908365,10.694845782385933,0.15384482656423765
confluentinc/ksql,confluentinc,confluentinc/ksql,STORAGE SYSTEMS,Streaming Database,12.0,10.835047364234924,8.00242821375529,11.779253747728136,-0.3206336848547204
slingdata-io/sling-cli,slingdata-io,slingdata-io/sling-cli,DATA INTEGRATION,Data Migration,12.0,10.748063405354818,8.97260316212972,11.33988348642985,-0.20875702357374246
warpstreamlabs/bento,warpstreamlabs,warpstreamlabs/bento,DATA PROCESSING AND COMPUTATION,Stream Processing,12.0,10.73595118522644,13.486128807067871,9.819225311279297,0.3734412216385767
apache/ranger,apache,apache/ranger,DATA INFRASTRUCTURE,Security,12.0,10.728512048721313,13.18306032816569,9.91032928890652,0.3302343387240035
Multiwoven/multiwoven,Multiwoven,Multiwoven/multiwoven,DATA INTEGRATION,Reverse ETL,12.0,10.542775173981985,6.357492844263713,11.937869283888075,-0.46745162867178547
getredash/redash,getredash,getredash/redash,ANALYTICS & VISUALISATION,BI & Dashboard,12.0,10.497794191042582,7.326563835144043,11.554870976342094,-0.3659328736647304
dgraph-io/dgraph,dgraph-io,dgraph-io/dgraph,STORAGE SYSTEMS,Graph Database,4.0,10.459531784057617,,10.459531784057617,
pgvector/pgvector,pgvector,pgvector/pgvector,ML/AI PLATFORM,Vector Storage,12.0,10.372308850288391,4.64976708094279,12.279822773403591,-0.6213490074943471
unionai-oss/pandera,unionai-oss,unionai-oss/pandera,WORKFLOW MANAGEMENT & DATAOPS,Data Quality,12.0,10.170148928960165,11.109761555989584,9.856944719950357,0.12709991499734574
gluster/glusterfs,gluster,gluster/glusterfs,DATA LAKE PLATFORM,Distributed File System,12.0,10.074462215105692,11.865663528442383,9.47739511066013,0.25199629116400774
apache/helix,apache,apache/helix,DATA INFRASTRUCTURE,Cluster Administration,12.0,10.06433935960134,5.951466083526611,11.435297118292915,-0.47955299963250464
ipython/ipython,ipython,ipython/ipython,BI as Code (Web App),Query & Collaboration,12.0,10.036021888256073,5.274186531702678,11.623300340440538,-0.5462401919227375
apache/incubator-xtable,apache,apache/incubator-xtable,DATA LAKE PLATFORM,Universal Lakehouse,12.0,9.551816622416178,5.002875010172526,11.068130493164062,-0.5479927695772634
apache/gobblin,apache,apache/gobblin,DATA INTEGRATION,Data Integration Platform,12.0,9.510478218396505,8.143266042073568,9.96621561050415,-0.18291291696611875
apache/zeppelin,apache,apache/zeppelin,BI as Code (Web App),Query & Collaboration,12.0,9.35123324394226,12.808353900909424,8.198859691619873,0.562211622428538
infinyon/fluvio,infinyon,infinyon/fluvio,DATA PROCESSING AND COMPUTATION,Stream Processing,12.0,9.346965988477072,6.695092519124349,10.230923811594645,-0.3456023480952091
apache/knox,apache,apache/knox,DATA INFRASTRUCTURE,Security,12.0,9.345891952514648,10.015002568562826,9.122855080498589,0.09779257482356929
oceanbase/oceanbase,oceanbase,oceanbase/oceanbase,STORAGE SYSTEMS,Distributed SQL DBMS,12.0,9.176009078820547,5.827386458714803,10.292216618855795,-0.4338064700233015
git-lfs/git-lfs,git-lfs,git-lfs/git-lfs,WORKFLOW MANAGEMENT & DATAOPS,Data Versioning,12.0,8.899919350941977,6.612448374430339,9.662409676445854,-0.31565224453796803
sodadata/soda-core,sodadata,sodadata/soda-core,WORKFLOW MANAGEMENT & DATAOPS,Data Quality,12.0,8.283169309298197,11.850011507670084,7.094221909840901,0.6703750824642358
apache/avro,apache,apache/avro,DATA LAKE PLATFORM,Serialisation Framework,12.0,8.102603236834208,6.3279900550842285,8.694140964084202,-0.27215465205528927
FalkorDB/falkordb,FalkorDB,FalkorDB/FalkorDB,STORAGE SYSTEMS,Graph Database,12.0,8.085389693578085,8.558504740397135,7.927684677971734,0.07957179025778224
projectnessie/nessie,projectnessie,projectnessie/nessie,WORKFLOW MANAGEMENT & DATAOPS,Data Versioning,12.0,7.891637881596883,2.8877145449320474,9.559612327151829,-0.6979255595197963
delta-io/delta-sharing,delta-io,delta-io/delta-sharing,BI as Code (Web App),Data Sharing,12.0,7.879646082719167,8.018186887105307,7.833465814590454,0.023581014698601833
activeloopai/deeplake,activeloopai,activeloopai/deeplake,ML/AI PLATFORM,Vector Storage,12.0,7.867830773194631,2.421536842981974,9.683262083265516,-0.7499255083504514
iterative/dvc,iterative,iterative/dvc,WORKFLOW MANAGEMENT & DATAOPS,Data Versioning,12.0,7.65499218304952,8.104395071665445,7.505191220177545,0.07983858557486906
apache/orc,apache,apache/orc,DATA LAKE PLATFORM,Serialisation Framework,12.0,7.622352600097656,11.29477628072103,6.398211373223199,0.7653021480331478
neo4j/neo4j,neo4j,neo4j/neo4j,STORAGE SYSTEMS,Graph Database,12.0,7.586041847864787,4.304693698883057,8.67982456419203,-0.5040575224709322
meltano/meltano,meltano,meltano/meltano,DATA INTEGRATION,Data Integration Platform,12.0,7.436529517173767,6.636828899383545,7.703096389770508,-0.138420634564944
ArroyoSystems/arroyo,ArroyoSystems,ArroyoSystems/arroyo,DATA PROCESSING AND COMPUTATION,Stream Processing,12.0,7.277154644330342,6.28102445602417,7.6091980404324,-0.17454843169422296
apache/age,apache,apache/age,STORAGE SYSTEMS,Graph Database,12.0,7.249226411183675,5.277767340342204,7.906379434797499,-0.33246723309107407
jitsucom/jitsu,jitsucom,jitsucom/jitsu,DATA INTEGRATION,Log & Event Collection,12.0,7.070395151774089,5.573216915130615,7.56945456398858,-0.26372278636230895
Mooncake-Labs/pg_mooncake,Mooncake-Labs,Mooncake-Labs/pg_mooncake,STORAGE SYSTEMS,OLAP Extensions,11.0,6.950112581253052,3.423926035563151,8.272432535886765,-0.5861040847767854
MonetDB/MonetDB,MonetDB,MonetDB/MonetDB,STORAGE SYSTEMS,Columnar OLAP Database,12.0,6.870767176151276,3.991931358973185,7.830379115210639,-0.49019947818122966
timeplus-io/proton,timeplus-io,timeplus-io/proton,STORAGE SYSTEMS,Streaming Database,12.0,6.815386672814687,1.6550077597300212,8.535512977176243,-0.8061033046103412
apache/atlas,apache,apache/atlas,METADATA MANAGEMENT,Metadata Platform,12.0,6.768893800675869,12.106351216634115,4.989741328689787,1.426248260010107
postgres/postgres,postgres,postgres/postgres,STORAGE SYSTEMS,Relational DBMS,12.0,6.622463703155518,5.653035322825114,6.945606496598986,-0.18609910803423677
fluent/fluentd,fluent,fluent/fluentd,DATA INFRASTRUCTURE,Log & Metrics Pipeline,12.0,6.532174547513326,4.637294451395671,7.1638012462192115,-0.35267684124499366
apache/incubator-hugegraph,apache,apache/incubator-hugegraph,STORAGE SYSTEMS,Graph Database,12.0,6.467914700508118,6.1001302401224775,6.590509520636664,-0.07440688447208474
apache/yunikorn-core,apache,apache/yunikorn-core,DATA INFRASTRUCTURE,Resource Scheduling,12.0,6.3148225744565325,4.311129093170166,6.982720401551989,-0.3826003555559852
artie-labs/transfer,artie-labs,artie-labs/transfer,DATA INTEGRATION,CDC Tool,12.0,6.097252766291301,6.323476950327556,6.021844704945882,0.0500896752010121
MarquezProject/marquez,MarquezProject,MarquezProject/marquez,METADATA MANAGEMENT,Metadata Platform,12.0,5.973155488570531,1.0964900255203247,7.5987106429206,-0.855700515910304
orientechnologies/orientdb,orientechnologies,orientechnologies/orientdb,STORAGE SYSTEMS,NoSQL Multi-model,12.0,5.954495310783386,5.448149998982747,6.123277081383599,-0.11025584395868988
jupyter/notebook,jupyter,jupyter/notebook,BI as Code (Web App),Query & Collaboration,12.0,5.795548439025879,3.65118137995402,6.510337458716498,-0.439171716810845
krb5/krb5,krb5,krb5/krb5,DATA INFRASTRUCTURE,Security,12.0,5.5490065813064575,4.64254109064738,5.851161744859484,-0.20656080055792903
modin-project/modin,modin-project,modin-project/modin,DATA PROCESSING AND COMPUTATION,Python Workflow Scaling,12.0,5.420901795228322,4.867569764455159,5.605345805486043,-0.131620076019005
eakmanrq/sqlframe,,eakmanrq/sqlframe,DATA PROCESSING AND COMPUTATION,Python Processing Framework,12.0,5.244527538617452,4.071652889251709,5.6354857550726996,-0.2774974392248848
apache/hudi-rs,apache,apache/hudi-rs,DATA LAKE PLATFORM,Native Open Table Format Library,12.0,5.2044207354386645,3.7953433195749917,5.674113207393223,-0.3311125138233482
JanusGraph/janusgraph,JanusGraph,JanusGraph/janusgraph,STORAGE SYSTEMS,Graph Database,12.0,5.11633978287379,2.2091784477233887,6.0853935612572565,-0.6369703248466698
apache/parquet-format,apache,apache/parquet-format,DATA LAKE PLATFORM,Serialisation Framework,12.0,5.0747437079747515,3.3578691482543945,5.6470352278815374,-0.4053748537506316
CrunchyData/pg_parquet,CrunchyData,CrunchyData/pg_parquet,STORAGE SYSTEMS,OLAP Extensions,11.0,4.990397084843028,4.512991189956665,5.169424295425415,-0.12698379315655095
bruin-data/ingestr,bruin-data,bruin-data/ingestr,DATA INTEGRATION,Data Migration,12.0,4.915838062763214,6.24359146753947,4.473253594504462,0.39576067746526267
Alluxio/alluxio,Alluxio,Alluxio/alluxio,BI as Code (Web App),Semantic & Middleware Layer,12.0,4.766558401286602,0.6882349153359731,6.125999563270145,-0.8876534501467409
vesoft-inc/nebula,vesoft-inc,vesoft-inc/nebula,STORAGE SYSTEMS,Graph Database,12.0,4.64359184106191,3.164175351460775,5.136730670928955,-0.38400987823475907
akka/akka,akka,akka/akka,DATA PROCESSING AND COMPUTATION,Stream Processing,12.0,4.622441252072652,4.0638321240743,4.8086442947387695,-0.15489026116558113
apache/tez,apache,apache/tez,DATA PROCESSING AND COMPUTATION,Batch processing,12.0,4.595970332622528,3.4819674491882324,4.967304627100627,-0.29902276776195486
chdb-io/chdb,chdb-io,chdb-io/chdb,STORAGE SYSTEMS,In-process OLAP Engine,12.0,4.332878490289052,4.7159528732299805,4.2051870293087426,0.12146091014772264
apache/eventmesh,apache,apache/eventmesh,DATA INTEGRATION,Log & Event Collection,12.0,4.302058686812718,1.4573429028193157,5.250297281477186,-0.7224265932596319
jina-ai/jina,jina-ai,jina-ai/jina,ML/AI PLATFORM,MLOps,1.0,4.2214155197143555,,4.2214155197143555,
apache/datafusion-ballista,apache,apache/datafusion-ballista,BI as Code (Web App),MPP Query Engine,12.0,4.203081885973613,3.114866336186727,4.565820402569241,-0.3177860578059629
pinterest/querybook,pinterest,pinterest/querybook,BI as Code (Web App),Query & Collaboration,12.0,4.162681818008423,3.5512386163075766,4.366496218575372,-0.18670750218439072
memcached/memcached,memcached,memcached/memcached,STORAGE SYSTEMS,Cache Store,12.0,4.127921005090077,3.592920462290446,4.306254519356622,-0.16565069571706412
m3db/m3,m3db,m3db/m3,DATA INFRASTRUCTURE,Metrics Store,12.0,4.094300429026286,3.599667549133301,4.259178055657281,-0.1548445493251875
GlareDB/glaredb,GlareDB,GlareDB/glaredb,STORAGE SYSTEMS,In-process OLAP Engine,12.0,3.9292426705360413,3.9380297660827637,3.926313638687134,0.002984001909625202
dgraph-io/badger,dgraph-io,dgraph-io/badger,STORAGE SYSTEMS,Embedded Key-value Store,5.0,3.8314988136291506,,3.8314988136291506,
kubeflow/kubeflow,kubeflow,kubeflow/kubeflow,ML/AI PLATFORM,MLOps,12.0,3.7813442945480347,1.5919771591822307,4.5111333396699695,-0.6471003982119716
turbot/steampipe,turbot,turbot/steampipe,DATA INTEGRATION,Log & Event Collection,12.0,3.685789108276367,3.864611546198527,3.6261816289689808,0.06575233720362154
apache/drill,apache,apache/drill,BI as Code (Web App),MPP Query Engine,12.0,3.605445990959803,3.2800505956014,3.713911122745938,-0.11682038498103757
paradedb/pg_analytics,paradedb,paradedb/pg_analytics,STORAGE SYSTEMS,OLAP Extensions,11.0,3.4202218380841343,1.0728093385696411,3.941869060198466,-0.7278424721404554
amacneil/dbmate,,amacneil/dbmate,DATA INTEGRATION,Data Migration,12.0,3.2941495180130005,4.056122223536174,3.0401586161719427,0.3341811186955421
apache/kylin,apache,apache/kylin,STORAGE SYSTEMS,Real-time OLAP Engine,12.0,3.2023969093958535,1.6523051261901855,3.71909417046441,-0.5557237729250993
apache/horaedb,apache,apache/horaedb,STORAGE SYSTEMS,Time-Series Database,10.0,3.0380261063575746,1.0058515071868896,3.263823284043206,-0.6918180245528347
odpi/egeria,odpi,odpi/egeria,METADATA MANAGEMENT,Open Standards,12.0,2.9668479363123574,3.166323105494181,2.9003562132517495,0.09170145757518573
awslabs/deequ,awslabs,awslabs/deequ,WORKFLOW MANAGEMENT & DATAOPS,Data Quality,12.0,2.908253331979116,2.9908865292867026,2.880708932876587,0.03824669516336583
mysql/mysql-server,mysql,mysql/mysql-server,STORAGE SYSTEMS,Relational DBMS,12.0,2.8464309771855674,1.7700823942820232,3.205213838153415,-0.44774904775096025
apache/storm,apache,apache/storm,DATA PROCESSING AND COMPUTATION,Stream Processing,12.0,2.817462762196859,2.631607929865519,2.879414372973972,-0.08606140381681453
spotify/luigi,spotify,spotify/luigi,WORKFLOW MANAGEMENT & DATAOPS,Workflow Orchestration,12.0,2.733126406868299,0.9385641614596049,3.33131382200453,-0.7182600584610043
Netflix/atlas,Netflix,Netflix/atlas,STORAGE SYSTEMS,Time-Series Database,12.0,2.6247147917747498,1.5330642064412434,2.9885983202192516,-0.48702902090610367
Netflix/maestro,Netflix,Netflix/maestro,WORKFLOW MANAGEMENT & DATAOPS,Workflow Orchestration,12.0,2.551856219768524,3.487181822458903,2.2400810188717313,0.5567212940428837
amundsen-io/amundsen,amundsen-io,amundsen-io/amundsen,METADATA MANAGEMENT,Metadata Platform,9.0,2.499795279569096,0.1328088790178299,2.7956685796380043,-0.9524947699505116
bytewax/bytewax,bytewax,bytewax/bytewax,DATA PROCESSING AND COMPUTATION,Stream Processing,10.0,2.478207436203957,0.38708463311195374,2.71055441432529,-0.8571935575001889
apache/linkis,apache,apache/linkis,BI as Code (Web App),Semantic & Middleware Layer,12.0,2.2406583055853844,1.078843315442403,2.627929968966378,-0.5894702948013735
distribworks/dkron,distribworks,distribworks/dkron,WORKFLOW MANAGEMENT & DATAOPS,Job Scheduling,12.0,2.1705063432455063,1.3354133168856304,2.448870685365465,-0.45468197856828213
facebook/mysql-5.6,facebook,facebook/mysql-5.6,STORAGE SYSTEMS,Embedded Key-value Store,9.0,2.1019123933381505,0.2282213307917118,2.637252696922847,-0.9134624713596838
codenotary/immudb,codenotary,codenotary/immudb,STORAGE SYSTEMS,Distributed Key-value Store,12.0,2.0124540825684867,1.5474296410878499,2.1674622297286987,-0.2860638492964458
apache/samza,apache,apache/samza,DATA PROCESSING AND COMPUTATION,Stream Processing,10.0,1.9262278735637666,1.3262629111607869,2.1833557145936147,-0.3925575652670767
hydradatabase/hydra,hydradatabase,hydradatabase/hydra,STORAGE SYSTEMS,Columnar OLAP Database,5.0,1.864097785949707,,1.864097785949707,
opendatadiscovery/odd-platform,opendatadiscovery,opendatadiscovery/odd-platform,METADATA MANAGEMENT,Metadata Platform,8.0,1.840905711054802,0.4575618803501129,2.038526258298329,-0.7755428077085132
simonw/datasette,,simonw/datasette,BI as Code (Web App),Query & Collaboration,12.0,1.8024287596344948,0.6870775123437246,2.174212508731418,-0.6839878762611793
rethinkdb/rethinkdb,rethinkdb,rethinkdb/rethinkdb,STORAGE SYSTEMS,Document Store,12.0,1.6560982465744019,2.0989237626393638,1.5084897412194147,0.39140738268638214
google/leveldb,google,google/leveldb,STORAGE SYSTEMS,Embedded Key-value Store,12.0,1.4598317394653957,0.8698135415712992,1.656504472096761,-0.4749102364509095
nsqio/nsq,nsqio,nsqio/nsq,DATA INTEGRATION,Event Hub,12.0,1.3879642685254414,0.9053227106730143,1.548844787809584,-0.4154851939984607
mljar/mercury,mljar,mljar/mercury,BI as Code (Web App),,12.0,1.3831809808810551,2.432255744934082,1.0334893928633795,1.3534404530222501
apache/mesos,apache,apache/mesos,DATA INFRASTRUCTURE,Resource Scheduling,10.0,1.3607340276241302,0.9137788414955139,1.4103957149717543,-0.3521117287896653
vaexio/vaex,vaexio,vaexio/vaex,DATA PROCESSING AND COMPUTATION,Python Processing Framework,12.0,1.2599999358256657,0.6087980270385742,1.4770672387546964,-0.5878332339482074
typicode/lowdb,,typicode/lowdb,STORAGE SYSTEMS,Document Store,10.0,1.2371872425079347,0.5041738748550415,1.318633172247145,-0.6176541850559887
datafold/data-diff,datafold,datafold/data-diff,WORKFLOW MANAGEMENT & DATAOPS,Data Quality,4.0,1.179641529917717,,1.179641529917717,
zabbix/zabbix,zabbix,zabbix/zabbix,DATA INFRASTRUCTURE,Observability Framework,12.0,1.0835415174563725,1.1702375610669453,1.0546428362528484,0.10960556582814862
statsd/statsd,statsd,statsd/statsd,DATA INFRASTRUCTURE,Log & Metrics Pipeline,7.0,1.0491789792265211,,1.0491789792265211,
microsoft/nni,microsoft,microsoft/nni,ML/AI PLATFORM,MLOps,2.0,0.9701225757598877,,0.9701225757598877,
quarylabs/quary,quarylabs,quarylabs/quary,BI as Code (Web App),,9.0,0.9225390470690198,0.957613617181778,0.9125177413225174,0.04941917709337118
snowplow/snowplow,snowplow,snowplow/snowplow,DATA INTEGRATION,Log & Event Collection,6.0,0.7377795229355494,0.5205093026161194,0.7812335669994355,-0.3337340782535839
mongodb/mongo,mongodb,mongodb/mongo,STORAGE SYSTEMS,Document Store,12.0,0.6731186459461848,1.1187285780906677,0.5245820018980238,1.1326095330051813
OpenTSDB/opentsdb,OpenTSDB,OpenTSDB/opentsdb,DATA INFRASTRUCTURE,Metrics Store,6.0,0.6018036628762881,0.48237165808677673,0.6256900638341903,-0.22905654737293926
getdozer/dozer,getdozer,getdozer/dozer,DATA INTEGRATION,CDC Tool,2.0,0.5599621459841728,,0.5599621459841728,
nalepae/pandarallel,,nalepae/pandarallel,DATA PROCESSING AND COMPUTATION,Python Workflow Scaling,4.0,0.4973301663994789,,0.4973301663994789,
sqlite/sqlite,,sqlite/sqlite,STORAGE SYSTEMS,Relational DBMS,8.0,0.4688583165407181,0.5139673352241516,0.45382197697957355,0.13253073076116187
azkaban/azkaban,azkaban,azkaban/azkaban,WORKFLOW MANAGEMENT & DATAOPS,Workflow Orchestration,8.0,0.42255851440131664,0.32748374342918396,0.45425010472536087,-0.27906732431645714
kairosdb/kairosdb,kairosdb,kairosdb/kairosdb,STORAGE SYSTEMS,Time-Series Database,1.0,0.399820476770401,,0.399820476770401,
apache/kudu,apache,apache/kudu,STORAGE SYSTEMS,Columnar OLAP Database,2.0,0.3684354592114687,,0.3684354592114687,
basho/riak,basho,basho/riak,STORAGE SYSTEMS,Distributed Key-value Store,2.0,0.3286840170621872,,0.3286840170621872,
linkedin/brooklin,linkedin,linkedin/brooklin,DATA INTEGRATION,CDC Tool,1.0,0.3251664936542511,0.3251664936542511,,
cayleygraph/cayley,cayleygraph,cayleygraph/cayley,STORAGE SYSTEMS,Graph Database,3.0,0.24966938296953836,,0.24966938296953836,
apache/impala,apache,apache/impala,BI as Code (Web App),MPP Query Engine,2.0,0.14546228758990765,0.2342323213815689,0.056692253798246384,3.131645960224891
apache/flume,,,DATA INTEGRATION,Log & Event Collection,,,,,
apache/incubator-paimon,,,DATA LAKE PLATFORM,Open Table Format,,,,,
datafuselabs/databend,,,STORAGE SYSTEMS,Columnar OLAP Database,,,,,
greenplum-db/gpdb-archive,,,STORAGE SYSTEMS,Columnar OLAP Database,,,,,
memphisdev/memphis,,,DATA INTEGRATION,Event Hub,,,,,
sphinxsearch/sphinx,,,STORAGE SYSTEMS,Search Engine,,,,,
